round,train_loss,Kappa,OA_total,MIoU_mean,F1_mean,OA_roads,MIoU_roads,F1_roads,OA_buildings,MIoU_buildings,F1_buildings,OA_low veg.,MIoU_low veg.,F1_low veg.,OA_trees,MIoU_trees,F1_trees,OA_cars,MIoU_cars,F1_cars,OA_clutter,MIoU_clutter,F1_clutter
1,0.5428317827284336,0.8730141877894724,90.60822195226464,0.785183980385101,0.8755908037694757,0.9140161082682102,0.8541275426060413,0.921325553910423,0.9805238738272751,0.920163892213372,0.9584222429604168,0.6979274539998829,0.6324300852113801,0.7748326754581811,0.9484290059097242,0.8274135819705698,0.9055570015829019,0.7851180747526517,0.6917847999241419,0.8178165449354562,0.0,0.0,0.0
2,0.39196585257351396,0.8751293336605401,90.70869896635162,0.7930234437414253,0.8813443960471176,0.9109915670437196,0.8536379908007498,0.9210406724907362,0.9659408436040404,0.925619259327323,0.9613730802117858,0.8400281116611718,0.6703795143623806,0.8026673083551061,0.8811300867791548,0.8183615149081779,0.900108705775708,0.7483067320432885,0.6971189393084953,0.8215322134022521,0.0,0.0,0.0
3,0.3481865750849247,0.8728220001670955,90.53641386664253,0.8010845335442982,0.8872099175460633,0.8635865509802024,0.8409996195319371,0.9136336701098897,0.9863297576022779,0.9149315034751159,0.955576219634746,0.8458957319194821,0.6751157756508058,0.8060526746439528,0.8937610978063906,0.8260710937250143,0.9047523905982285,0.8438830484876612,0.7483046753386177,0.8560346327434987,0.0,0.0,0.0
4,0.3065901475250721,0.8725548595566878,90.55230962216469,0.7989931174204916,0.8852105960634521,0.9090104519535881,0.8454564549710919,0.9162572789985831,0.9566497699498078,0.9210422970004251,0.9588985088340523,0.7271921755876405,0.6450832915925443,0.7842560858642762,0.959615367104053,0.8262741765013972,0.9048741827848596,0.8493311003046874,0.7571093670369993,0.8617669238354893,0.0,0.0,0.0
5,0.2818696452528238,0.8835670984847922,91.36152237214452,0.8084996575778183,0.8911863190924727,0.9316563167036642,0.8608567646333074,0.9252262516862164,0.9695460789124437,0.9337669413849481,0.9657492031756338,0.7783347285812223,0.6704451067282209,0.8027143232995819,0.9190900481701709,0.83526605428666,0.9102397468047926,0.8081747681214982,0.7421634208559552,0.8520020704961391,0.0,0.0,0.0
6,0.2685204595774412,0.8820597078274817,91.22477927668655,0.8123646766820615,0.8936836269948346,0.9138885159641285,0.8664953274440163,0.9284730743265212,0.9727891495159366,0.9379756101420588,0.9679952680862713,0.8295423931429595,0.6719767032991567,0.8038110841774377,0.8937663336945337,0.8214604043673955,0.9019799743082462,0.8498960834560827,0.76391533815768,0.8661587340756963,0.0,0.0,0.0
7,0.24630939966440202,0.8860409048464204,91.53472388195846,0.8173536528733644,0.8970066754370862,0.8895631368557552,0.8627732260431671,0.9263320021791783,0.9872482618767987,0.9353663976060412,0.966603945137258,0.8095335048971478,0.6822482384465056,0.8111148198633714,0.9280192862801518,0.8358222725960529,0.9105699228870441,0.8557006127376797,0.7705581296750552,0.8704126871185791,0.0,0.0,0.0
8,0.23429700535535813,0.8906802602796225,91.89336833039413,0.8225098724775025,0.8999082020707341,0.9344604333767313,0.8728772960355194,0.9321243819690846,0.9813236234836888,0.9431362329001522,0.9707360883210037,0.7739081754636185,0.6780792125889658,0.8081611493688846,0.9239091140877261,0.8388609958287525,0.9123702093106695,0.8643838656954337,0.7795956250341225,0.8761491813840285,0.0,0.0,0.0
9,0.22236758111417293,0.886296793967305,91.5406805476399,0.8207724609920621,0.8989684612240554,0.9146734271854865,0.8641721239213888,0.9271376959586276,0.9693666561742167,0.9399788144533778,0.9690609066967908,0.8203285894905106,0.676967410167009,0.8073709793794858,0.9139008277256212,0.8374098483418353,0.9115112222758065,0.9090578905950484,0.7853341080766996,0.8797615018095659,0.021879021879021878,0.011384563870751716,0.022512829001820892
10,0.2131262849494815,0.8809140702578677,91.14922635471011,0.8142674217881265,0.8952157082953434,0.9300098972496885,0.8562042469626364,0.9225323650278998,0.959904457852898,0.9257515235164933,0.9614444150365119,0.8104264635461345,0.675202444517731,0.8061144451256015,0.9012429543157378,0.8344766183047007,0.9097707869134549,0.8595882348984711,0.7797022756390702,0.8762165293732496,0.043114543114543116,0.031184547358622295,0.06048296095689461
11,0.20587792985141276,0.8864556142016731,91.56886298678984,0.8172470098527163,0.8967448049195921,0.9244147769788515,0.8647583628645975,0.9274749802287265,0.9744253447433655,0.9381107786775164,0.9680672425934733,0.7935853047669247,0.6751061727772736,0.8060458301075552,0.9170412223749989,0.8368327199573892,0.9111692217425242,0.857220686454529,0.7714270149868049,0.8709667499256819,0.38996138996138996,0.292118582791034,0.4521544487968663
12,0.1949336416348815,0.8855293303252256,91.49775069402509,0.817897649136112,0.8971615962664053,0.9079564104725598,0.8686512982015252,0.9297093567296955,0.9831460643078386,0.9366285231727128,0.9672774225572863,0.798138635964323,0.6737608246715119,0.8050861446153664,0.9179030950928345,0.831601675442687,0.9080595269074472,0.8773246702583453,0.7788459241921231,0.8756755305222312,0.263996138996139,0.1369668642016526,0.2409337835853766
13,0.18950517186522484,0.8885231375731152,91.7307111936383,0.8200463484203528,0.898178079256261,0.9214784888325512,0.8735887687958612,0.9325298948683483,0.9786558858126403,0.946369923861715,0.9724461031375373,0.7633104926086313,0.6685990335248702,0.8013896929000046,0.9413689798668718,0.8311690191151219,0.9078015305400576,0.8788312919953994,0.7805049968041957,0.8767231748353569,0.0,0.0,0.0
14,0.1852184429615736,0.8884056750104173,91.71853199020799,0.8225828980728611,0.9000641135949008,0.9074023310052421,0.8691936432210248,0.9300199006917402,0.9883546713622685,0.9383751098387316,0.9682079645737943,0.7879192203148092,0.6765888411849573,0.8071016871456294,0.9278257860661634,0.8387318626515857,0.912293825639235,0.8851402705193137,0.7900250334680058,0.8826971899241055,0.0,0.0,0.0
15,0.1784735501408577,0.8882907406989292,91.70949799676711,0.8204524993927865,0.8987373303666757,0.9195406677053055,0.8667482703523961,0.9286182653741261,0.9856590890525022,0.9402672979706027,0.9692141891522503,0.7944603491220273,0.6777444959607264,0.807923372828745,0.9140401478796929,0.8385066693620334,0.912160595700202,0.8421948250233728,0.7789957633181742,0.8757702287780552,0.4277670527670528,0.2737286390776199,0.4298068374686818
16,0.1729902125597,0.8901125995595378,91.84383692991301,0.824018515105206,0.9009002060280696,0.9291966784372129,0.8737949402414846,0.9326473473440745,0.9794967570215973,0.9414068183844251,0.9698192150863392,0.7888772905319512,0.6789057846642994,0.8087479248277746,0.9192812719110537,0.8378979213266327,0.9118002818370028,0.8867007001755484,0.7880871109091887,0.8814862610451568,0.0,0.0,0.0
17,0.16757185479998588,0.8872699841631008,91.62190729267282,0.8205363997169879,0.8986674278444251,0.9199937973072404,0.8659138025138223,0.9281391255557828,0.9749219382007606,0.9443334544944678,0.9713698566586637,0.8029369106800197,0.6734763876567967,0.8048830477970461,0.9164541199610268,0.8359743038017267,0.9106601351344473,0.8961103600422392,0.7829840501181256,0.878284974076186,0.0,0.0,0.0
18,0.16832378770411013,0.8796590520028543,91.07161999527652,0.8121664682208827,0.8935220988358626,0.9259329796965884,0.8544379289216864,0.9215060969104775,0.9626503817942532,0.9300229441439521,0.9637428891359188,0.752010018224349,0.6576861775047379,0.7934990186076497,0.9359509738751947,0.8333678930816654,0.9091114731816065,0.9002333918494454,0.7853173974523713,0.8797510163436606,0.37065637065637064,0.170540340488527,0.29138737827241684
19,0.159779753677547,0.8855484787668532,91.51355593990725,0.8179351105181137,0.8968476576354398,0.9252893982867663,0.8648361142578777,0.92751969746365,0.9784897399882388,0.9414804969588126,0.9698583101232003,0.753772853643664,0.659806001142305,0.7950399030829097,0.9346982307251022,0.8362144636270877,0.9108026106877595,0.8868486719532948,0.7873384766044856,0.8810177668196791,0.0,0.0,0.0
20,0.1603339761272073,0.8882120108023015,91.7017367951385,0.8209896576383805,0.8988756447145704,0.9141688860026247,0.8695199664862691,0.9302066648911133,0.985129672113705,0.9440224290557065,0.9712052854392816,0.7863021107861274,0.6711763517513197,0.8032382112731026,0.9250509929975688,0.8364347183867445,0.9109332447401436,0.8777013256926088,0.7837948225118626,0.878794817229211,0.0,0.0,0.0
21,0.15298362206667662,0.8857243731614735,91.51908834165127,0.8177991739644407,0.8968413779363397,0.9280204563974636,0.8631666066512562,0.926558691605857,0.9804820146684081,0.9436215988480122,0.9709931186268956,0.7807490241877418,0.6650023181159292,0.7988004711830402,0.9123047924311822,0.8356089005987765,0.9104432870490009,0.8672962193210786,0.7815964456082289,0.8774113212169049,0.004021879021879022,0.003158559696778269,0.006297229219143577
22,0.15783422241359948,0.8826442052689417,91.28859422972761,0.8146025110535824,0.8949497913570991,0.9170970565308839,0.8580462091348747,0.9236005056455402,0.9730843764469762,0.9381310002243556,0.9680780092942725,0.7726531413747842,0.6620039629537908,0.7966334349495131,0.928518061537621,0.8334248404822996,0.9091453569081778,0.8844609455396598,0.7814065424725911,0.8772916499879914,0.25788288288288286,0.21327833954230974,0.35157363746024783
23,0.14769803030788897,0.8813170521782511,91.18905059630296,0.8166705510265541,0.8962059507111582,0.9314748150900275,0.8576761734354769,0.923386094627398,0.9679688921909065,0.9385797904144507,0.968316904009188,0.7730252074785287,0.6593415893006425,0.794702662251156,0.9146324861818083,0.8291060784437136,0.9065697044199369,0.9018610814046557,0.7986491235384863,0.8880543882481116,0.0,0.0,0.0
24,0.14398212128132581,0.8858561699255222,91.52064397608848,0.8208953200855336,0.8990568263342732,0.9180447364011686,0.8596115181833844,0.924506553952861,0.9742265598391429,0.938938038942482,0.9685075232776279,0.8007286294531661,0.6747339421843158,0.8057804588402577,0.9174304992760816,0.8393692856455541,0.9126707640450406,0.8783201167631847,0.7918238154719315,0.8838188315555796,0.0,0.0,0.0
25,0.14195530930161476,0.8845806196283067,91.43070002135461,0.8182749184620152,0.8972139292326198,0.9268558904246451,0.8628454857000243,0.9263736496919198,0.9690334425175093,0.9406169245702845,0.9693998982087282,0.777086929111072,0.6650360592054385,0.7988248128665709,0.926069942359701,0.83386040596755,0.90940444894725,0.8782461308743115,0.7890157168667783,0.8820668364486297,0.09893822393822393,0.06698616708419562,0.12556145365455287
26,0.13906656114012003,0.8905827153968964,91.87103507672813,0.8236159623946546,0.9004578299605782,0.9265205703563322,0.8705165788264283,0.9307766514131566,0.9803510895459608,0.9498246902265136,0.974266758429622,0.805673663576451,0.6759761987071502,0.8066656307274518,0.9118845554958613,0.8394654752012641,0.9127276227996771,0.8649690268165218,0.7822968690119169,0.8778524864329841,0.0,0.0,0.0
27,0.13848851545155047,0.8882771484870151,91.69304786970005,0.8237602355447118,0.9005732934348879,0.9143087588057943,0.8672876142188105,0.9289277212730239,0.9800886860963236,0.9493955807030249,0.9740409695200369,0.8172146029055607,0.6733587048869336,0.8047989984698846,0.9105393875376756,0.8352215943332124,0.9102133463470626,0.8718362625019337,0.7935376835815778,0.8848854315644318,0.0027348777348777348,0.0021332664073283976,0.004257450538442274
28,0.1393616797104478,0.8884302599142481,91.71354264630388,0.8216160664467103,0.8993318969573686,0.9206296773871261,0.8663149208679678,0.9283694956101732,0.9772876260822759,0.9447083697343458,0.9715681635734373,0.7949464465964564,0.6745211263323808,0.805628684792709,0.9224599113086078,0.8387670813502508,0.9123146589445401,0.8767865910665402,0.7837688339486057,0.8787784818659835,0.0,0.0,0.0
29,0.13237682618945837,0.8850038593606112,91.46068133959923,0.8204865060702986,0.8987569367168053,0.9229673432389088,0.8606919468903733,0.9251310495848379,0.9679945240106532,0.9390460639238171,0.9685649881092367,0.7846419380509937,0.6715313832599222,0.8034924022189291,0.9277697848277621,0.8350344557975544,0.9101022088815508,0.8838556064488791,0.7961286804798255,0.8864940347894721,0.0,0.0,0.0
30,0.13072975473105908,0.8867503736851469,91.59285369823803,0.820663441533163,0.8985043240963625,0.9204423477400239,0.8658025363563797,0.9280752056936921,0.9785345495724004,0.9484937806350042,0.9735661361217124,0.7780401762490914,0.6638866866383113,0.7979950701806705,0.9277135559420501,0.8336970713159664,0.9093073052875167,0.8687086771995668,0.7914371327201535,0.8835779031982213,0.0,0.0,0.0
31,0.12856805810332297,0.8865068458992612,91.57558898441113,0.8215046884706675,0.8991935121793082,0.9272738436817353,0.8647249947252296,0.9274557880344692,0.982984344121379,0.9435116616968927,0.9709349115745531,0.7845602902115609,0.667599168048123,0.8006710255552942,0.9085538476948434,0.8356282235907907,0.9104547564170314,0.9011212225159237,0.7960593942923012,0.8864510793151931,0.06676319176319176,0.043505608554355805,0.08338356439622262
32,0.12653245401382446,0.884694389154243,91.43623807995112,0.8182212623007864,0.8971569701372394,0.9056999208011881,0.863605239926455,0.9268113454762943,0.9802157387855718,0.9441176407902112,0.9712556699053074,0.7877955427858794,0.6664364330932493,0.7998342089247364,0.928917354920369,0.8297521202290399,0.9069557685498683,0.8715335929565434,0.787194877464977,0.8809278578299902,0.0,0.0,0.0
33,0.12619775573909284,0.8886540135717941,91.7229443351572,0.8229056608923816,0.9001202166987756,0.9238873399502328,0.86943045513406,0.9301554414568599,0.9745070346437094,0.9473425130686014,0.9729593091210126,0.8136124518122719,0.676505004435688,0.8070420340479684,0.9106661870896657,0.8341814504147096,0.9095953404458437,0.8681436940481715,0.7870688814088492,0.880848958422193,0.0,0.0,0.0
34,0.12272711183130741,0.8909828002243201,91.90364683138478,0.8257919374488353,0.901826796328686,0.9200527020740514,0.8708189198917019,0.9309494474666868,0.9809856153858778,0.9494022325930024,0.9740444703709532,0.7957456997082037,0.6761975049577066,0.8068231851648869,0.9255447600142052,0.8397470904078262,0.9128940546079898,0.8798334644901363,0.7927939393939394,0.884422824032913,0.0,0.0,0.0
35,0.12137416288256646,0.8871684421490746,91.6220487139853,0.8225086433760944,0.8998595586873692,0.9285164636741796,0.8651217579014592,0.9276839479636445,0.9730519217687357,0.9439788979000763,0.9711822478317852,0.7871592408473461,0.6706442443018302,0.8028570374443728,0.9204261102359337,0.8363724635789453,0.9108963243207441,0.8797662045911607,0.7964258531981612,0.8866782358762998,0.0,0.0,0.0
36,0.11811557158827782,0.8905470087355942,91.87005078439331,0.8248070148022257,0.9012516224883029,0.9213461092152657,0.8706746638305624,0.9308670082137,0.9808779248626255,0.9483258793666143,0.9734776809256445,0.7978203127422305,0.67674262231224,0.8072110928736422,0.9209442355148016,0.8386824257788027,0.9122645803541257,0.8974421060419567,0.7896094827229097,0.8824377500744023,0.0,0.0,0.0
37,0.11911669041961431,0.8891338894847045,91.77546255375778,0.8231929765480098,0.9000458517570304,0.9238396749622478,0.871709115991012,0.9314578943314801,0.979190650397284,0.9490618850090874,0.9738653167543343,0.7658525998118999,0.66610894106846,0.7995983031473207,0.9385397790910498,0.8349846239594033,0.9100726110257328,0.8701951209669283,0.7941003167120866,0.8852351335262845,0.0,0.0,0.0
38,0.11670791064575314,0.8890950939890242,91.76299485085,0.8220728654753812,0.8996115209867069,0.9208134685853385,0.8684366536817714,0.9295864025901109,0.9789118352069456,0.9449978771941223,0.9717212427577431,0.7986168098087649,0.6757584873803582,0.8065105950162813,0.9201618117083564,0.838644997166859,0.9122424377289958,0.8666437983010149,0.7825263119537954,0.8779969268404035,0.0,0.0,0.0
39,0.11551504453271627,0.8889063375499283,91.75784145822344,0.8230121372504448,0.899975301520348,0.9261184360472196,0.8690356002149243,0.9299294246883174,0.9842133806581551,0.947527645129719,0.9730569396529485,0.7726586534652101,0.6664594508821331,0.7998507860834485,0.9241797867399995,0.8385968123116762,0.9122139304237176,0.8838017985296986,0.7934411777137715,0.884825426753308,0.0,0.0,0.0
40,0.11342544139176607,0.8833517944603022,91.34854555251185,0.8176475408870824,0.8968876821658125,0.9283128987909953,0.8575119591466323,0.9232909160278953,0.9679618849308319,0.9349610409596253,0.9663874581122733,0.758015785248957,0.6622361085570007,0.7968014954649164,0.9352195430663182,0.8388328933481136,0.9123535873026307,0.8787102241772433,0.7946957024240396,0.885604953921346,0.0,0.0,0.0
41,0.11279028653353453,0.8872273765763422,91.62572566810964,0.8222865077943246,0.899747127585365,0.9283761745829053,0.8653486707189545,0.927814391274556,0.9751952213436716,0.9440926106330634,0.9712424248406916,0.7926427373041055,0.6720546427114086,0.8038668420807143,0.9148068640217084,0.8358863559967917,0.9106079505045926,0.8694619880680939,0.794050258911405,0.8852040292262707,0.0,0.0,0.0
42,0.11127354880422353,0.8752185220347507,90.73157527785752,0.8121345443350247,0.8940659035209275,0.933045470108953,0.8397395597610576,0.9128896047330979,0.9484088632988669,0.9163241923101524,0.9563352547415396,0.7897113387145116,0.6700906344410876,0.8024602026049205,0.9080689589233193,0.8361773792489321,0.9107806126998048,0.8887655790741003,0.7983409559138941,0.8878638428252749,0.0,0.0,0.0
43,0.10962558516114951,0.887878282967829,91.66695846597474,0.8232100465275044,0.9005236729295835,0.928660499358396,0.8657910741099667,0.9280686204622055,0.9704476182415207,0.9417123474211504,0.9699813143505714,0.8148840221723838,0.6812748579412491,0.8104265102441158,0.9075822489733106,0.8362787817588114,0.9108407612898657,0.8616934697364085,0.7909931714063445,0.8833011583011583,0.0,0.0,0.0
44,0.1079129785746336,0.8866739963844491,91.5829994611848,0.8214660350037735,0.8992395129810176,0.9261937841941651,0.8649704476032487,0.9275969479461278,0.9726764801499996,0.9433387581372058,0.9708433531593292,0.7922568909742964,0.6710434284523754,0.8031430147496015,0.9184687986596126,0.8351610659623179,0.9101774023571908,0.880391721651634,0.792816474863719,0.8844368466928384,0.0,0.0,0.0
45,0.10730194861069321,0.8875929585426663,91.65232418855986,0.8225906861340387,0.8997507225043139,0.9290201722808321,0.8676621217302186,0.9291424949245196,0.9762459415517061,0.9479981864205012,0.9733049989768966,0.7881197226040493,0.6670034217818457,0.8002424147022943,0.9164445587739827,0.8346853851512739,0.9098948429051253,0.881871439429098,0.7956043155863542,0.8861688610127335,0.0,0.0,0.0
46,0.10655784975737333,0.887034137079394,91.60619255643064,0.8213258061769073,0.8991014323558295,0.9227323486038217,0.8667113987152439,0.9285971032391556,0.973136746495955,0.9457827265900688,0.9721360084715391,0.797524382387493,0.6711612106972622,0.803227368372477,0.9189220444549668,0.8333761382883579,0.909116379213268,0.8868015900240118,0.789597556593604,0.8824303024827074,0.0,0.0,0.0
47,0.10523888741433621,0.8886445780248808,91.73598903701986,0.8218290682951107,0.8992335517331004,0.9296493917510431,0.8687114877156499,0.9297438298274497,0.9788070951089878,0.948556708584336,0.9735992844401031,0.7765553568906298,0.6666123506852686,0.7999608912188543,0.9239093417350367,0.8370615133722167,0.9113048281498838,0.8728249830168755,0.7882032811180826,0.8815589250292112,0.0,0.0,0.0
48,0.10476097875088454,0.8885441897819718,91.73055280176833,0.8216899079503157,0.8990922758968617,0.9277536157223691,0.8699572776437886,0.930456848447324,0.9796525763574676,0.9488226257038117,0.9737393369611019,0.7708696356163723,0.6644497663776887,0.7984017058366603,0.9288659066281791,0.8361991990672931,0.9107935560499589,0.8613437182617352,0.789020670958997,0.8820699321892639,0.0,0.0,0.0
49,0.10496135459840297,0.8879931473654648,91.68607862742131,0.8219622418614156,0.8993848393079429,0.9224952725282113,0.8675285832010444,0.9290659227437942,0.9766945905980641,0.9461613530241165,0.9723359798034092,0.778731599091883,0.667253107447365,0.8004220888440361,0.931081825549313,0.8374786971185338,0.9115520070320673,0.8673096713008737,0.7913894685160182,0.8835481981164073,0.0,0.0,0.0
50,0.10329495510458946,0.8885413925085981,91.73278725850543,0.8233311612687559,0.9000623724151964,0.9343305514880739,0.8691610862032744,0.9300012637955718,0.9782057615536349,0.949085034920945,0.973877504487063,0.7629587523383321,0.6621444332159323,0.7967351332216168,0.9282564947777707,0.8372203419341115,0.9113989463590828,0.876699153197872,0.7990449100695168,0.8882990142126479,0.0,0.0,0.0
51,0.10089509924128652,0.8869867404138774,91.6081045725753,0.822837934484179,0.9001783009730856,0.9333083560470531,0.8643101957073567,0.9272171527007286,0.9714186769666013,0.9410905531011788,0.9696513659268989,0.7920639678093919,0.673812162856823,0.8051227943125665,0.9132905052859706,0.8372578846678393,0.9114211909551375,0.8829812277621959,0.7977188760876963,0.887479000970096,0.0,0.0,0.0
52,0.10051411952078343,0.8897133214376975,91.81138356712633,0.8233685986974827,0.9003829079683012,0.9248042145007717,0.8702019243518626,0.9305967585863113,0.9781607675678925,0.9461283484953665,0.9723185515763727,0.790795153494493,0.6754437562510465,0.8062863987298643,0.9235528460466768,0.8379091935579478,0.9118069559637677,0.8751319975517396,0.7871597708311907,0.8809058749851898,0.0,0.0,0.0
53,0.10033497914671897,0.888608629109396,91.72895191251112,0.8246393186510079,0.901069577990979,0.926240824749993,0.8699141775712226,0.9304321963066016,0.9793204691102457,0.9469963712877025,0.9727767193129169,0.789719951355802,0.6699900275790633,0.8023880580296981,0.9178079385170144,0.8358330311720561,0.9105763073000521,0.8791272355508922,0.8004629856449953,0.889174609005626,0.0,0.0,0.0
54,0.09799365299195051,0.8900531130021839,91.8377840977391,0.8245309582187103,0.9009360641718167,0.9248853906811826,0.871394297709247,0.9312781371364774,0.981943212795552,0.9497562660866969,0.9742307616663564,0.7869608055920158,0.6704747877688899,0.8027355967034805,0.9225084001857602,0.8378075859131751,0.9117467925750049,0.8716546607746996,0.7932218536155419,0.8846890327777645,0.0,0.0,0.0
55,0.097678577542305,0.8889620936906903,91.76055109057044,0.8235812479526086,0.9004279687840693,0.9304911262986888,0.8675890194872894,0.9291005788045051,0.9747952543146743,0.9461892807063955,0.9723507267113951,0.7730221069276642,0.6697260904849641,0.8021987490061263,0.930882178857939,0.8392015199917581,0.9125715816019103,0.8841246460447817,0.7952003290926359,0.8859182077964092,0.0,0.0,0.0
56,0.09718395110219717,0.8898211157562409,91.81612966637299,0.8251391792244023,0.9014604139679936,0.9256638494369183,0.8707215773450867,0.930893819678723,0.9792332471624746,0.9476271356421639,0.9731093989196408,0.8014514023102549,0.6755824492328922,0.8063852059827726,0.9146247461732487,0.8370899376536054,0.9113216729310112,0.8696166858357379,0.7946747962482636,0.8855919723278195,0.0,0.0,0.0
57,0.09646281496807933,0.889533903691081,91.79527850806173,0.8247706310044076,0.9012337998741667,0.9299389201278421,0.8697178855716018,0.9303199079209915,0.9770761174689703,0.9476156930620736,0.9731033657592033,0.798205814566388,0.675045887597238,0.8060028594984397,0.913531128493248,0.8367375491981094,0.9111128038553095,0.8810374166818001,0.7947361395930155,0.8856300623368897,0.0,0.0,0.0
58,0.09522963316366076,0.8900619532057198,91.83685637392927,0.8246744637501454,0.9011316512503911,0.9266277645432851,0.8702612548191374,0.930630683362251,0.9795695956460574,0.9474339232151322,0.9730075171443643,0.7920467425268112,0.6737195170374043,0.8050566539726238,0.9198517560713537,0.8394406786844132,0.9127129658617638,0.8800217922072681,0.7925169449946394,0.8842504359109525,0.0,0.0,0.0
59,0.094844209484756,0.8884120709004201,91.71251875600157,0.8228365508389064,0.8999379985905215,0.9282007091467863,0.8687091412073251,0.929742485923812,0.9756665517844818,0.948086459373749,0.9733515212446271,0.7905777704283239,0.6696726018858542,0.802160376985854,0.9188910844207286,0.8356789393987701,0.9104848581772971,0.8807818290656927,0.7920356123288335,0.8839507506210174,0.0,0.0,0.0
60,0.09458616276457905,0.8892649791637406,91.77347699853063,0.8234128050565495,0.9003215521517236,0.9287393859542312,0.8700405576679341,0.930504479274966,0.9748867174988065,0.948101325752481,0.9733593558191987,0.799971406030916,0.6723756664513328,0.804096447872945,0.9161479343283039,0.8375983487872631,0.9116228792217217,0.8619490573525158,0.7889481266237364,0.8820245985697865,0.0,0.0,0.0
61,0.09401000590249896,0.8901432151751928,91.84066343566109,0.8253535034117132,0.9016259670903741,0.9244278900541487,0.8703542646347572,0.9306838614391804,0.9781358733544694,0.9465168740622943,0.9725236772152461,0.7994632601947835,0.6766735540925365,0.8071619576045278,0.919524626886058,0.8391111168354826,0.9125181280827906,0.8727980790572852,0.7941117074334951,0.8852422111101257,0.0,0.0,0.0
62,0.09334461287036538,0.8903960952393651,91.86096587927995,0.8256359307015361,0.9017184865102271,0.9312506439456619,0.8701991469299397,0.9305951704217504,0.9782144284279378,0.9494618921564942,0.974075867783391,0.7953088665419557,0.6748389016665829,0.8058552986738851,0.9155294165854725,0.838360010881563,0.9120738113526933,0.8727509971280023,0.7953197018731,0.8859922843194156,0.0,0.0,0.0
63,0.09303352031856775,0.8895283069487483,91.79500132228927,0.8242519075563466,0.9009141240617351,0.9279257508536508,0.8701424657459382,0.9305627583820113,0.9776499751887673,0.9469874004583697,0.972771986336866,0.7983925366295634,0.6749487490815026,0.8059336137319145,0.9151537985230243,0.8372435791833897,0.9114127148622548,0.8732419943905244,0.7919373433125332,0.8838895469956293,0.0,0.0,0.0
64,0.09231891940534115,0.8894564908770028,91.79358710916452,0.8239804835435981,0.9006485238163018,0.9331060400281828,0.8696298733318771,0.9302695530662497,0.9750390332046395,0.948640232427922,0.9736432786733106,0.7862187404184365,0.6712052586688627,0.8032589117191824,0.9212098999262422,0.8374798372993716,0.9115526824286182,0.8581421470704951,0.7929472159899565,0.8845181931941474,0.0,0.0,0.0
65,0.0909895055666566,0.8895321015328814,91.79865564900362,0.8253899088868849,0.9015117846911691,0.9318602978749533,0.8690798385377863,0.929954751657567,0.9785065205321019,0.9486626285610902,0.9736550746719981,0.7880611566432747,0.6707080936634499,0.802902788592773,0.9164709658620093,0.8384452937072404,0.9121242786795232,0.8819925072472541,0.8000536899648575,0.8889220298539839,0.0,0.0,0.0
66,0.09063503899425268,0.8891051103390107,91.7636567025924,0.8242797827347909,0.9008698568426275,0.9288482452936028,0.8694882801456406,0.9301885327442695,0.977953315789367,0.9485588971982809,0.9736004372894844,0.7953367714997365,0.6724165651133475,0.8041256934904548,0.9142026880594433,0.8357946627328686,0.9105535381486043,0.8828601599440398,0.7951405084838168,0.8858810825403253,0.0,0.0,0.0
67,0.08958859607949853,0.8902918094935511,91.85429079333113,0.8254591740501755,0.9015850099568514,0.9295896544080227,0.8711251688186247,0.9311244200393375,0.9771161326120281,0.9491118950448284,0.9738916451720689,0.7892872522573733,0.6735352758526818,0.8049251014556706,0.9223326564619966,0.8378435442335399,0.9117680847886939,0.8751050935921494,0.7956799863012023,0.8862157983284858,0.0,0.0,0.0
68,0.0889411394186318,0.8899768604896071,91.83257979344003,0.8250327869314725,0.9012799997687203,0.9296924775698766,0.8707928212038692,0.930934533566905,0.9788432378188465,0.9489332620172488,0.9737975953420311,0.7846794891670198,0.671094179295552,0.8031793630906561,0.9220251049454101,0.8379824869753009,0.91185034995011,0.8820194112068444,0.7963611851653923,0.8866381568938997,0.0,0.0,0.0
69,0.08952105462178588,0.8895249326311538,91.79497869487928,0.8254083942574815,0.9016060035803758,0.9323315360094414,0.868651254613047,0.9297093317639132,0.9756698710129381,0.9479699294461056,0.9732901058854184,0.7967564792900428,0.6740379652429724,0.8052839651640058,0.9137364663673864,0.8381449419171971,0.9119465204338092,0.8768874809150037,0.7982378800680847,0.8878000946547315,0.0,0.0,0.0
70,0.08858592445403338,0.8885072320450809,91.72162628852493,0.8235784691144735,0.9004558730259378,0.9331503747113302,0.8667670858597635,0.9286290640383374,0.9758168390729247,0.9464468557997335,0.9724867164799816,0.7888077003903249,0.6709010640102695,0.8030410399046176,0.9146609420956301,0.8385035563326345,0.9121587537260404,0.8857254316404016,0.7952737835699663,0.8859637909807114,0.0,0.0,0.0
71,0.08801516738161444,0.8909472893467314,91.9002018082129,0.8262270522113951,0.9021068003129041,0.9251160142911706,0.8723268204784084,0.9318104199944275,0.9800055209833325,0.9492439742546688,0.9739611734520104,0.7995848706898037,0.6768151679000782,0.8072626975907815,0.9186062976351997,0.8379736788658828,0.9118451352175537,0.8779165573693308,0.7947756195579371,0.8856545753097477,0.0,0.0,0.0
72,0.08801239417865872,0.8896593732695056,91.80965822711414,0.8245201943618039,0.9009490792882323,0.9264090051442803,0.8707245638509801,0.9308955264462343,0.9793036885663828,0.9486960037028125,0.9736726527895052,0.7814590503357207,0.6699935728319827,0.8023906004569881,0.926307606151941,0.8374301214928517,0.9115232320372185,0.8804186256112243,0.795756709930393,0.8862633847112152,0.0,0.0,0.0
73,0.08758876545727252,0.8895178460620874,91.79501263599427,0.8250120390001114,0.9013085317855296,0.9274896890640074,0.8693739920546691,0.9301231275814654,0.978426674647567,0.9486958006542229,0.9736725458490991,0.7934671393284207,0.6722199408277288,0.8039850792533763,0.9175798359118186,0.8376541490887176,0.9116559277534411,0.8834991289843083,0.7971163123752192,0.8871059784902666,0.0,0.0,0.0
74,0.0867040975280106,0.8899773123795055,91.83418633954975,0.8243879438615134,0.9008247694468494,0.9276108289024668,0.8712345911674273,0.9311869236276578,0.9800132658497308,0.9491492489759412,0.9739113097415321,0.7791487954359891,0.66887184734775,0.8015856321271795,0.9266716142015499,0.8386285592793636,0.9122327128520811,0.8792146734195605,0.794055472537085,0.8852072688857964,0.0,0.0,0.0
75,0.08680959159880877,0.8902078239283592,91.84596956330513,0.8250817303387613,0.9013264151309842,0.9264779008256033,0.8712621399891443,0.9312026587511665,0.9791233438202512,0.9496100233765997,0.9741538174203023,0.794560944772299,0.6728261246903716,0.8044184805099298,0.9193379560913867,0.8378774377131167,0.9117881535731711,0.8780712551369748,0.7938329259245747,0.8850689654003518,0.0,0.0,0.0
76,0.08630149916186929,0.8907406104983812,91.88474728718568,0.8262873459369475,0.9021070232624364,0.9272232646770177,0.8723681167429458,0.9318339795920715,0.9806920480690665,0.9500097443932226,0.9743640995894958,0.8002931743095245,0.675379858087077,0.8062408710800849,0.914431928901192,0.8372700304652834,0.9114283873157689,0.8759122123798571,0.7964089799962084,0.8866677787347615,0.0,0.0,0.0
77,0.08572226637974381,0.8899712017448321,91.82952509309058,0.8254662880025639,0.9015871338658753,0.929931426941958,0.8704849389016303,0.9307585651160483,0.9766221207767658,0.9491425732694475,0.9739077954440011,0.7908723227604549,0.6730211137682033,0.8045578244405232,0.9204236061155173,0.8375111881858557,0.9115712530846863,0.8780914331066675,0.7971716258876833,0.8871402312441178,0.0,0.0,0.0
78,0.08518266488984227,0.8901574482298805,91.8456131815977,0.8251826515689131,0.90135752424944,0.9296448125818917,0.8714403227625401,0.9313044206252403,0.9787921585809339,0.9497911079331746,0.9742490916783142,0.7863024552917791,0.6713089095474416,0.8033331309520981,0.9219574936941695,0.8374675915758982,0.9115454285184391,0.871230923411153,0.7959053260255118,0.886355549473108,0.0,0.0,0.0
79,0.08502253206074238,0.8897343972167024,91.81011643216657,0.8250657164652294,0.901350858886596,0.9292299814855866,0.8697469930006988,0.9303365602475112,0.9759215791708825,0.9488344783569032,0.973745578595143,0.7947077041798871,0.6730858841698887,0.8046041037562686,0.9186431764995129,0.8378874346337883,0.9117940727428099,0.8809567048030293,0.7957737921648683,0.8862739790912474,0.0,0.0,0.0
80,0.08463811127468944,0.8895480975289156,91.79836714952617,0.8251413340056553,0.9013493300499158,0.930164548280574,0.8702646733321039,0.9306326379801866,0.9785869196213793,0.9491632707667389,0.9739186911657413,0.790951903565978,0.6709342126757514,0.8030647856582582,0.9164079075569801,0.8371500679608904,0.9113573056011359,0.8789389078337604,0.7981944452927918,0.8877732298442569,0.0,0.0,0.0
81,0.08481207072362304,0.889576442817604,91.79939103982848,0.8251861630737862,0.9014573124204379,0.9304780132233916,0.8690268879223436,0.9299244366552429,0.9757751643156387,0.947743663203866,0.9731708346517339,0.7942360759428259,0.6735072882754236,0.804905115136348,0.9174892322822098,0.8384693431961366,0.9121385094607855,0.8765175514706377,0.797183632771161,0.8871476661980796,0.0,0.0,0.0
82,0.08526667701080441,0.8893513954172549,91.78080827936931,0.8246502136766809,0.9011153872096817,0.9308643285845268,0.8706196349294261,0.9308355570236195,0.9764615069997918,0.9479272713212071,0.9732676217200482,0.7996124311419329,0.6733504380323098,0.8047930938173375,0.9120127209317149,0.8362964385540459,0.9108512340334008,0.8737464436328417,0.795057285546416,0.8858294294540024,0.0,0.0,0.0
83,0.0843676950596273,0.8893871404357583,91.78717789528318,0.8249770089641751,0.9013034188005488,0.9286342732078017,0.8688630615503531,0.9298306327800927,0.9769409511101621,0.947385484518768,0.9729819720340404,0.7891470384571659,0.6718915265930205,0.8037501427645856,0.9209658620093062,0.8387516775211851,0.9123055470458125,0.8756902547132375,0.7979932946375488,0.887648799378213,0.0,0.0,0.0
84,0.08491842738538981,0.888960907161521,91.75389297517914,0.8241085806986537,0.9007339374687733,0.9294399988343933,0.868345406842113,0.9295341253947201,0.9767736988762752,0.9485312248462909,0.9735858607255478,0.7917253187538541,0.6707209870691744,0.8029120269157233,0.9171901037161146,0.8373984297464836,0.9115044578132401,0.8773986561472185,0.7955468549892056,0.8861332164946353,0.0,0.0,0.0
85,0.0843682852126658,0.8896504648005727,91.80756519168952,0.8245949474857849,0.901041483623259,0.9305768816482511,0.8693254005445205,0.9300953170499823,0.9771637082199033,0.9482166764665568,0.9734201415279118,0.787124445776533,0.6716219294777485,0.803557213068601,0.9208030941822454,0.8387971688575995,0.9123324563075372,0.8733294322591928,0.7950135620824991,0.8858022901622624,0.0,0.0,0.0
86,0.0831621992662549,0.8901081175470144,91.83909083066636,0.8257075330257825,0.9017443558775164,0.9283541113133578,0.87062843762072,0.9308405882336368,0.9783103172500118,0.9487841731391959,0.9737190872305252,0.7944269320738206,0.6733846735181245,0.8048175463474281,0.9181325635818939,0.838313435925747,0.9120462479822816,0.8771497945210086,0.7974269449251258,0.8872983095937106,0.0,0.0,0.0
87,0.08397731847688555,0.8901122666056577,91.84077657271106,0.8252183508737299,0.9014142699360466,0.9284434051118098,0.8707441335399162,0.9309067102535827,0.978318246517991,0.9489766787941231,0.9738204557494006,0.789452270464497,0.6722464471326532,0.8040040369472244,0.9212943570784655,0.838425766423524,0.9121127235445559,0.8796854927123899,0.7956987284784328,0.8862274231854695,0.0,0.0,0.0
88,0.08339787780493498,0.8903710878148707,91.85823927637543,0.8254867771390512,0.9016068699669741,0.9284852420663293,0.8705109706135011,0.9307734456408837,0.9779383792613131,0.9493829100950975,0.9740343009868527,0.794723895945513,0.6740113359159907,0.8052649602246368,0.9189411668290551,0.8387288732862594,0.9122920572702438,0.8795576989043362,0.7947997957844066,0.8856695857122538,0.0,0.0,0.0
89,0.08296461152657866,0.890079811732456,91.8366527272393,0.8252400423910842,0.90145678366721,0.9289383716682642,0.8704515174724805,0.9307394597949393,0.9774451050323745,0.9489409025426968,0.9738016184119853,0.7947473223298228,0.6735496435057313,0.8049353613374597,0.9183221937916025,0.8382553681276402,0.9120118811146978,0.8750714636426616,0.7950027803068725,0.8857955976769678,0.0,0.0,0.0
90,0.08328245807811618,0.8896279844446874,91.80398440405766,0.8248866285449242,0.9012430891250227,0.9293727683054889,0.8696727493140076,0.9302940844948346,0.9764803159610448,0.9482145728558633,0.9734190330646049,0.7912915861384706,0.6726370332972741,0.8042833201789187,0.9199398555805461,0.8379788350506293,0.9118481878792104,0.8770556306624427,0.7959299522068473,0.8863708200075452,0.0,0.0,0.0
91,0.08358970164135099,0.88953012984512,91.79665878007147,0.8248060674361744,0.9011912322036763,0.9291161266889589,0.8693304920511548,0.9300982311557622,0.9767996994991838,0.9482162007540071,0.9734198908591607,0.7915940621005888,0.6723821997955143,0.8041011198011171,0.9193108660614283,0.8380339226026102,0.911880800780842,0.877667695743121,0.7960675219775862,0.8864561184214995,0.0,0.0,0.0
92,0.0835802582539618,0.8901784493672579,91.843882184733,0.8254550356397872,0.901591470585644,0.9284101020634361,0.8701980235493159,0.9305945280573326,0.9774749780884822,0.9490482294848336,0.9738581273955269,0.7946694640525578,0.6737317083357794,0.8050653578233068,0.9191119023119861,0.8387032980501277,0.9122769279192999,0.87783584549056,0.7955939187788791,0.8861624117327539,0.0,0.0,0.0
93,0.08347360292077065,0.8902840692678843,91.85304062892887,0.825340683145899,0.9014962497737118,0.9290239188737741,0.8707482117293698,0.9309090408531534,0.9781072911094282,0.9493781245240109,0.9740317823211699,0.7913043328475804,0.6729905962909627,0.8045360180541239,0.9202735865378486,0.8384928728310116,0.9121524322689971,0.8772036024401891,0.7950936103541404,0.8858519753711144,0.0,0.0,0.0
94,0.08305473081767559,0.8900937096314872,91.8389437525014,0.8252208913549754,0.9014179894211244,0.9289891588170341,0.8704505522516691,0.9307389080174411,0.9782395070429418,0.9493134356455859,0.9739977350858265,0.7913380944014387,0.6725093636467704,0.8041920461125772,0.9196165963995301,0.8383169723049543,0.9120483408841505,0.875495201006208,0.7955141329258977,0.8861129170056264,0.0,0.0,0.0
95,0.08280728098377585,0.8902473225952262,91.84973702706945,0.8253270267291868,0.9014779970684114,0.928955647624608,0.8708872526761042,0.930988493753852,0.9786663967027522,0.9498454942412466,0.9742777025631612,0.7932215067988191,0.6728582504105107,0.8044414405648473,0.9183196896711863,0.8379873552748156,0.9118532321453537,0.8753875851678471,0.7950567810432562,0.885829116314842,0.0,0.0,0.0
96,0.08314822750538588,0.8901279308698059,91.84083314123605,0.8253241177795839,0.9014889957719069,0.9289275481775428,0.8706492236663114,0.9308524683851886,0.9782310245702198,0.9493719704054946,0.9740285433651874,0.7931415814876444,0.6729617437269919,0.8045154006065682,0.9185502963967984,0.8380597334223947,0.9118960806153569,0.8763359497434035,0.7955779176767276,0.8861524858872339,0.0,0.0,0.0
97,0.08341128581762314,0.8900219200357014,91.83339438019988,0.8252348730947754,0.9014342193143466,0.9291325700690934,0.8703399906334801,0.9306757006662707,0.9777792406969863,0.9490892675818708,0.9738797328245046,0.7916316132166148,0.6726174150496982,0.8042692955336864,0.9195829045975651,0.8382765172581527,0.9120243982754765,0.8763157717737108,0.7958511749506747,0.8863219692717953,0.0,0.0,0.0
98,0.08316757383570075,0.8899685096884893,91.82913477026815,0.8252409672014884,0.9014466932744831,0.9286367709364297,0.8702833100848668,0.9306432938712119,0.9775269793342992,0.9487870074804711,0.9737205798668882,0.7920822266089275,0.6727696802216362,0.8043781378587596,0.919931432630055,0.8383459699505275,0.912065501982838,0.8773784781775258,0.7960188682699407,0.8864259527927181,0.0,0.0,0.0
99,0.08272996171936393,0.8898539099655454,91.82062120725718,0.825051689693004,0.9013271546432111,0.9296693735800673,0.8698898145398065,0.9304182607721115,0.9771917372602019,0.9488919778945297,0.9737758569047605,0.7920229716368496,0.6725359405386809,0.8042110477124628,0.9189147597410284,0.838269339555639,0.9120201501682795,0.8773112182785502,0.7956713759363638,0.8862104576584411,0.0,0.0,0.0
100,0.08322585863247514,0.8898751720077922,91.82240877264685,0.8251612082965643,0.9013905776798572,0.9292164521221847,0.8700845372378005,0.9305296310539574,0.9774071183067067,0.9489150656954378,0.973788014057794,0.7914393790630135,0.6723960199214661,0.804111002312767,0.9196168240468408,0.8381848101754341,0.9119701191475288,0.876867302945311,0.7962256084526826,0.8865541218272386,0.0,0.0,0.0
